{
"meta":{"test_sets":[],"test_metrics":[],"learn_metrics":[{"best_value":"Min","name":"Logloss"}],"launch_mode":"Train","parameters":"","iteration_count":29,"learn_sets":["learn"],"name":"experiment"},
"iterations":[
{"learn":[0.4151860501],"iteration":0,"passed_time":0.003471522975,"remaining_time":0.09720264329},
{"learn":[0.2623780433],"iteration":1,"passed_time":0.005448827893,"remaining_time":0.07355917655},
{"learn":[0.1742983067],"iteration":2,"passed_time":0.008288457792,"remaining_time":0.07183330086},
{"learn":[0.1313261681],"iteration":3,"passed_time":0.01103001942,"remaining_time":0.06893762138},
{"learn":[0.09614569076],"iteration":4,"passed_time":0.01436647107,"remaining_time":0.06895906113},
{"learn":[0.07116423262],"iteration":5,"passed_time":0.01658793449,"remaining_time":0.06358708222},
{"learn":[0.05579677541],"iteration":6,"passed_time":0.01870307396,"remaining_time":0.05878108958},
{"learn":[0.04417995696],"iteration":7,"passed_time":0.02220454648,"remaining_time":0.05828693451},
{"learn":[0.03587715676],"iteration":8,"passed_time":0.02494803134,"remaining_time":0.05544006964},
{"learn":[0.02957123645],"iteration":9,"passed_time":0.03081347212,"remaining_time":0.05854559704},
{"learn":[0.02530535231],"iteration":10,"passed_time":0.03426914884,"remaining_time":0.05607678901},
{"learn":[0.02225000808],"iteration":11,"passed_time":0.03737014356,"remaining_time":0.05294103672},
{"learn":[0.01968931518],"iteration":12,"passed_time":0.03968845858,"remaining_time":0.04884733364},
{"learn":[0.0176637997],"iteration":13,"passed_time":0.04346618575,"remaining_time":0.0465709133},
{"learn":[0.01572129067],"iteration":14,"passed_time":0.04719601237,"remaining_time":0.04404961154},
{"learn":[0.01428804119],"iteration":15,"passed_time":0.05024412753,"remaining_time":0.04082335362},
{"learn":[0.0133071174],"iteration":16,"passed_time":0.05281758017,"remaining_time":0.03728299777},
{"learn":[0.01228175899],"iteration":17,"passed_time":0.05554555692,"remaining_time":0.03394450701},
{"learn":[0.01144031007],"iteration":18,"passed_time":0.06043229169,"remaining_time":0.03180646931},
{"learn":[0.01052923469],"iteration":19,"passed_time":0.06273137065,"remaining_time":0.02822911679},
{"learn":[0.009719535391],"iteration":20,"passed_time":0.06511865391,"remaining_time":0.02480710625},
{"learn":[0.009259411629],"iteration":21,"passed_time":0.06771584797,"remaining_time":0.02154595163},
{"learn":[0.008533193076],"iteration":22,"passed_time":0.0705498184,"remaining_time":0.01840430045},
{"learn":[0.00814648892],"iteration":23,"passed_time":0.07363870849,"remaining_time":0.0153413976},
{"learn":[0.007578890374],"iteration":24,"passed_time":0.07751925544,"remaining_time":0.01240308087},
{"learn":[0.007018566132],"iteration":25,"passed_time":0.07942704345,"remaining_time":0.009164658859},
{"learn":[0.006659032182],"iteration":26,"passed_time":0.08199471272,"remaining_time":0.006073682423},
{"learn":[0.00627345354],"iteration":27,"passed_time":0.0839879331,"remaining_time":0.002999569039},
{"learn":[0.005919654953],"iteration":28,"passed_time":0.08630489219,"remaining_time":0}
]}